service,id,package,installed,fixed,status,severity,target
frontend,CVE-2026-53613,bsdutils,1:2.38.1-5+deb12u3,,affected,HIGH,sha256:5cd649ff9a460b2abdc8315da2e7568c5a2c2138d99815db89c5c583f88c18b1 (debian 12.15)
frontend,CVE-2026-76642,bsdutils,1:2.38.1-5+deb12u3,,affected,HIGH,sha256:5cd649ff9a460b2abdc8315da2e7568c5a2c2138d99815db89c5c583f88c18b1 (debian 12.15)
frontend,CVE-2026-78408,bsdutils,1:2.38.1-5+deb12u3,,affected,HIGH,sha256:5cd649ff9a460b2abdc8315da2e7568c5a2c2138d99815db89c5c583f88c18b1 (debian 12.15)
frontend,CVE-2026-78409,bsdutils,1:2.38.1-5+deb12u3,,affected,HIGH,sha256:5cd649ff9a460b2abdc8315da2e7568c5a2c2138d99815db89c5c583f88c18b1 (debian 12.15)
frontend,CVE-2026-78410,bsdutils,1:2.38.1-5+deb12u3,,affected,HIGH,sha256:5cd649ff9a460b2abdc8315da2e7568c5a2c2138d99815db89c5c583f88c18b1 (debian 12.15)
frontend,CVE-2026-41992,gzip,1.12-1,,fix_deferred,HIGH,sha256:5cd649ff9a460b2abdc8315da2e7568c5a2c2138d99815db89c5c583f88c18b1 (debian 12.15)
frontend,CVE-2026-54369,libacl1,2.3.1-3,,fix_deferred,HIGH,sha256:5cd649ff9a460b2abdc8315da2e7568c5a2c2138d99815db89c5c583f88c18b1 (debian 12.15)
frontend,CVE-2026-53613,libblkid1,2.38.1-5+deb12u3,,affected,HIGH,sha256:5cd649ff9a460b2abdc8315da2e7568c5a2c2138d99815db89c5c583f88c18b1 (debian 12.15)
frontend,CVE-2026-76642,libblkid1,2.38.1-5+deb12u3,,affected,HIGH,sha256:5cd649ff9a460b2abdc8315da2e7568c5a2c2138d99815db89c5c583f88c18b1 (debian 12.15)
frontend,CVE-2026-78408,libblkid1,2.38.1-5+deb12u3,,affected,HIGH,sha256:5cd649ff9a460b2abdc8315da2e7568c5a2c2138d99815db89c5c583f88c18b1 (debian 12.15)
frontend,CVE-2026-78409,libblkid1,2.38.1-5+deb12u3,,affected,HIGH,sha256:5cd649ff9a460b2abdc8315da2e7568c5a2c2138d99815db89c5c583f88c18b1 (debian 12.15)
frontend,CVE-2026-78410,libblkid1,2.38.1-5+deb12u3,,affected,HIGH,sha256:5cd649ff9a460b2abdc8315da2e7568c5a2c2138d99815db89c5c583f88c18b1 (debian 12.15)
frontend,CVE-2026-53613,libmount1,2.38.1-5+deb12u3,,affected,HIGH,sha256:5cd649ff9a460b2abdc8315da2e7568c5a2c2138d99815db89c5c583f88c18b1 (debian 12.15)
frontend,CVE-2026-76642,libmount1,2.38.1-5+deb12u3,,affected,HIGH,sha256:5cd649ff9a460b2abdc8315da2e7568c5a2c2138d99815db89c5c583f88c18b1 (debian 12.15)
frontend,CVE-2026-78408,libmount1,2.38.1-5+deb12u3,,affected,HIGH,sha256:5cd649ff9a460b2abdc8315da2e7568c5a2c2138d99815db89c5c583f88c18b1 (debian 12.15)
frontend,CVE-2026-78409,libmount1,2.38.1-5+deb12u3,,affected,HIGH,sha256:5cd649ff9a460b2abdc8315da2e7568c5a2c2138d99815db89c5c583f88c18b1 (debian 12.15)
frontend,CVE-2026-78410,libmount1,2.38.1-5+deb12u3,,affected,HIGH,sha256:5cd649ff9a460b2abdc8315da2e7568c5a2c2138d99815db89c5c583f88c18b1 (debian 12.15)
frontend,CVE-2026-53613,libsmartcols1,2.38.1-5+deb12u3,,affected,HIGH,sha256:5cd649ff9a460b2abdc8315da2e7568c5a2c2138d99815db89c5c583f88c18b1 (debian 12.15)
frontend,CVE-2026-76642,libsmartcols1,2.38.1-5+deb12u3,,affected,HIGH,sha256:5cd649ff9a460b2abdc8315da2e7568c5a2c2138d99815db89c5c583f88c18b1 (debian 12.15)
frontend,CVE-2026-78408,libsmartcols1,2.38.1-5+deb12u3,,affected,HIGH,sha256:5cd649ff9a460b2abdc8315da2e7568c5a2c2138d99815db89c5c583f88c18b1 (debian 12.15)
frontend,CVE-2026-78409,libsmartcols1,2.38.1-5+deb12u3,,affected,HIGH,sha256:5cd649ff9a460b2abdc8315da2e7568c5a2c2138d99815db89c5c583f88c18b1 (debian 12.15)
frontend,CVE-2026-78410,libsmartcols1,2.38.1-5+deb12u3,,affected,HIGH,sha256:5cd649ff9a460b2abdc8315da2e7568c5a2c2138d99815db89c5c583f88c18b1 (debian 12.15)
frontend,CVE-2026-16742,libsystemd0,252.39-1~deb12u2,,fix_deferred,HIGH,sha256:5cd649ff9a460b2abdc8315da2e7568c5a2c2138d99815db89c5c583f88c18b1 (debian 12.15)
frontend,CVE-2025-69720,libtinfo6,6.4-4,,affected,HIGH,sha256:5cd649ff9a460b2abdc8315da2e7568c5a2c2138d99815db89c5c583f88c18b1 (debian 12.15)
frontend,CVE-2026-16742,libudev1,252.39-1~deb12u2,,fix_deferred,HIGH,sha256:5cd649ff9a460b2abdc8315da2e7568c5a2c2138d99815db89c5c583f88c18b1 (debian 12.15)
frontend,CVE-2026-53613,libuuid1,2.38.1-5+deb12u3,,affected,HIGH,sha256:5cd649ff9a460b2abdc8315da2e7568c5a2c2138d99815db89c5c583f88c18b1 (debian 12.15)
frontend,CVE-2026-76642,libuuid1,2.38.1-5+deb12u3,,affected,HIGH,sha256:5cd649ff9a460b2abdc8315da2e7568c5a2c2138d99815db89c5c583f88c18b1 (debian 12.15)
frontend,CVE-2026-78408,libuuid1,2.38.1-5+deb12u3,,affected,HIGH,sha256:5cd649ff9a460b2abdc8315da2e7568c5a2c2138d99815db89c5c583f88c18b1 (debian 12.15)
frontend,CVE-2026-78409,libuuid1,2.38.1-5+deb12u3,,affected,HIGH,sha256:5cd649ff9a460b2abdc8315da2e7568c5a2c2138d99815db89c5c583f88c18b1 (debian 12.15)
frontend,CVE-2026-78410,libuuid1,2.38.1-5+deb12u3,,affected,HIGH,sha256:5cd649ff9a460b2abdc8315da2e7568c5a2c2138d99815db89c5c583f88c18b1 (debian 12.15)
frontend,CVE-2026-53613,mount,2.38.1-5+deb12u3,,affected,HIGH,sha256:5cd649ff9a460b2abdc8315da2e7568c5a2c2138d99815db89c5c583f88c18b1 (debian 12.15)
frontend,CVE-2026-76642,mount,2.38.1-5+deb12u3,,affected,HIGH,sha256:5cd649ff9a460b2abdc8315da2e7568c5a2c2138d99815db89c5c583f88c18b1 (debian 12.15)
frontend,CVE-2026-78408,mount,2.38.1-5+deb12u3,,affected,HIGH,sha256:5cd649ff9a460b2abdc8315da2e7568c5a2c2138d99815db89c5c583f88c18b1 (debian 12.15)
frontend,CVE-2026-78409,mount,2.38.1-5+deb12u3,,affected,HIGH,sha256:5cd649ff9a460b2abdc8315da2e7568c5a2c2138d99815db89c5c583f88c18b1 (debian 12.15)
frontend,CVE-2026-78410,mount,2.38.1-5+deb12u3,,affected,HIGH,sha256:5cd649ff9a460b2abdc8315da2e7568c5a2c2138d99815db89c5c583f88c18b1 (debian 12.15)
frontend,CVE-2025-69720,ncurses-base,6.4-4,,affected,HIGH,sha256:5cd649ff9a460b2abdc8315da2e7568c5a2c2138d99815db89c5c583f88c18b1 (debian 12.15)
frontend,CVE-2025-69720,ncurses-bin,6.4-4,,affected,HIGH,sha256:5cd649ff9a460b2abdc8315da2e7568c5a2c2138d99815db89c5c583f88c18b1 (debian 12.15)
frontend,CVE-2026-9538,perl-base,5.36.0-7+deb12u4,,fix_deferred,HIGH,sha256:5cd649ff9a460b2abdc8315da2e7568c5a2c2138d99815db89c5c583f88c18b1 (debian 12.15)
frontend,CVE-2026-53613,util-linux,2.38.1-5+deb12u3,,affected,HIGH,sha256:5cd649ff9a460b2abdc8315da2e7568c5a2c2138d99815db89c5c583f88c18b1 (debian 12.15)
frontend,CVE-2026-76642,util-linux,2.38.1-5+deb12u3,,affected,HIGH,sha256:5cd649ff9a460b2abdc8315da2e7568c5a2c2138d99815db89c5c583f88c18b1 (debian 12.15)
frontend,CVE-2026-78408,util-linux,2.38.1-5+deb12u3,,affected,HIGH,sha256:5cd649ff9a460b2abdc8315da2e7568c5a2c2138d99815db89c5c583f88c18b1 (debian 12.15)
frontend,CVE-2026-78409,util-linux,2.38.1-5+deb12u3,,affected,HIGH,sha256:5cd649ff9a460b2abdc8315da2e7568c5a2c2138d99815db89c5c583f88c18b1 (debian 12.15)
frontend,CVE-2026-78410,util-linux,2.38.1-5+deb12u3,,affected,HIGH,sha256:5cd649ff9a460b2abdc8315da2e7568c5a2c2138d99815db89c5c583f88c18b1 (debian 12.15)
frontend,CVE-2026-53613,util-linux-extra,2.38.1-5+deb12u3,,affected,HIGH,sha256:5cd649ff9a460b2abdc8315da2e7568c5a2c2138d99815db89c5c583f88c18b1 (debian 12.15)
frontend,CVE-2026-76642,util-linux-extra,2.38.1-5+deb12u3,,affected,HIGH,sha256:5cd649ff9a460b2abdc8315da2e7568c5a2c2138d99815db89c5c583f88c18b1 (debian 12.15)
frontend,CVE-2026-78408,util-linux-extra,2.38.1-5+deb12u3,,affected,HIGH,sha256:5cd649ff9a460b2abdc8315da2e7568c5a2c2138d99815db89c5c583f88c18b1 (debian 12.15)
frontend,CVE-2026-78409,util-linux-extra,2.38.1-5+deb12u3,,affected,HIGH,sha256:5cd649ff9a460b2abdc8315da2e7568c5a2c2138d99815db89c5c583f88c18b1 (debian 12.15)
frontend,CVE-2026-78410,util-linux-extra,2.38.1-5+deb12u3,,affected,HIGH,sha256:5cd649ff9a460b2abdc8315da2e7568c5a2c2138d99815db89c5c583f88c18b1 (debian 12.15)
frontend,CVE-2023-45853,zlib1g,1:1.2.13.dfsg-1,,will_not_fix,CRITICAL,sha256:5cd649ff9a460b2abdc8315da2e7568c5a2c2138d99815db89c5c583f88c18b1 (debian 12.15)
postgres,CVE-2026-53613,bsdutils,1:2.38.1-5+deb12u3,,affected,HIGH,sha256:2b73847d07d6cb7da2ace20426de036fa0278feca0bb6520aca62588e9b3f101 (debian 12.15)
postgres,CVE-2026-76642,bsdutils,1:2.38.1-5+deb12u3,,affected,HIGH,sha256:2b73847d07d6cb7da2ace20426de036fa0278feca0bb6520aca62588e9b3f101 (debian 12.15)
postgres,CVE-2026-78408,bsdutils,1:2.38.1-5+deb12u3,,affected,HIGH,sha256:2b73847d07d6cb7da2ace20426de036fa0278feca0bb6520aca62588e9b3f101 (debian 12.15)
postgres,CVE-2026-78409,bsdutils,1:2.38.1-5+deb12u3,,affected,HIGH,sha256:2b73847d07d6cb7da2ace20426de036fa0278feca0bb6520aca62588e9b3f101 (debian 12.15)
postgres,CVE-2026-78410,bsdutils,1:2.38.1-5+deb12u3,,affected,HIGH,sha256:2b73847d07d6cb7da2ace20426de036fa0278feca0bb6520aca62588e9b3f101 (debian 12.15)
postgres,CVE-2026-41992,gzip,1.12-1,,fix_deferred,HIGH,sha256:2b73847d07d6cb7da2ace20426de036fa0278feca0bb6520aca62588e9b3f101 (debian 12.15)
postgres,CVE-2026-54369,libacl1,2.3.1-3,,fix_deferred,HIGH,sha256:2b73847d07d6cb7da2ace20426de036fa0278feca0bb6520aca62588e9b3f101 (debian 12.15)
postgres,CVE-2026-53613,libblkid1,2.38.1-5+deb12u3,,affected,HIGH,sha256:2b73847d07d6cb7da2ace20426de036fa0278feca0bb6520aca62588e9b3f101 (debian 12.15)
postgres,CVE-2026-76642,libblkid1,2.38.1-5+deb12u3,,affected,HIGH,sha256:2b73847d07d6cb7da2ace20426de036fa0278feca0bb6520aca62588e9b3f101 (debian 12.15)
postgres,CVE-2026-78408,libblkid1,2.38.1-5+deb12u3,,affected,HIGH,sha256:2b73847d07d6cb7da2ace20426de036fa0278feca0bb6520aca62588e9b3f101 (debian 12.15)
postgres,CVE-2026-78409,libblkid1,2.38.1-5+deb12u3,,affected,HIGH,sha256:2b73847d07d6cb7da2ace20426de036fa0278feca0bb6520aca62588e9b3f101 (debian 12.15)
postgres,CVE-2026-78410,libblkid1,2.38.1-5+deb12u3,,affected,HIGH,sha256:2b73847d07d6cb7da2ace20426de036fa0278feca0bb6520aca62588e9b3f101 (debian 12.15)
postgres,CVE-2023-2953,libldap-2.5-0,2.5.13+dfsg-5,,affected,HIGH,sha256:2b73847d07d6cb7da2ace20426de036fa0278feca0bb6520aca62588e9b3f101 (debian 12.15)
postgres,CVE-2026-53613,libmount1,2.38.1-5+deb12u3,,affected,HIGH,sha256:2b73847d07d6cb7da2ace20426de036fa0278feca0bb6520aca62588e9b3f101 (debian 12.15)
postgres,CVE-2026-76642,libmount1,2.38.1-5+deb12u3,,affected,HIGH,sha256:2b73847d07d6cb7da2ace20426de036fa0278feca0bb6520aca62588e9b3f101 (debian 12.15)
postgres,CVE-2026-78408,libmount1,2.38.1-5+deb12u3,,affected,HIGH,sha256:2b73847d07d6cb7da2ace20426de036fa0278feca0bb6520aca62588e9b3f101 (debian 12.15)
postgres,CVE-2026-78409,libmount1,2.38.1-5+deb12u3,,affected,HIGH,sha256:2b73847d07d6cb7da2ace20426de036fa0278feca0bb6520aca62588e9b3f101 (debian 12.15)
postgres,CVE-2026-78410,libmount1,2.38.1-5+deb12u3,,affected,HIGH,sha256:2b73847d07d6cb7da2ace20426de036fa0278feca0bb6520aca62588e9b3f101 (debian 12.15)
postgres,CVE-2025-69720,libncursesw6,6.4-4,,affected,HIGH,sha256:2b73847d07d6cb7da2ace20426de036fa0278feca0bb6520aca62588e9b3f101 (debian 12.15)
postgres,CVE-2026-9538,libperl5.36,5.36.0-7+deb12u4,,fix_deferred,HIGH,sha256:2b73847d07d6cb7da2ace20426de036fa0278feca0bb6520aca62588e9b3f101 (debian 12.15)
postgres,CVE-2026-53613,libsmartcols1,2.38.1-5+deb12u3,,affected,HIGH,sha256:2b73847d07d6cb7da2ace20426de036fa0278feca0bb6520aca62588e9b3f101 (debian 12.15)
postgres,CVE-2026-76642,libsmartcols1,2.38.1-5+deb12u3,,affected,HIGH,sha256:2b73847d07d6cb7da2ace20426de036fa0278feca0bb6520aca62588e9b3f101 (debian 12.15)
postgres,CVE-2026-78408,libsmartcols1,2.38.1-5+deb12u3,,affected,HIGH,sha256:2b73847d07d6cb7da2ace20426de036fa0278feca0bb6520aca62588e9b3f101 (debian 12.15)
postgres,CVE-2026-78409,libsmartcols1,2.38.1-5+deb12u3,,affected,HIGH,sha256:2b73847d07d6cb7da2ace20426de036fa0278feca0bb6520aca62588e9b3f101 (debian 12.15)
postgres,CVE-2026-78410,libsmartcols1,2.38.1-5+deb12u3,,affected,HIGH,sha256:2b73847d07d6cb7da2ace20426de036fa0278feca0bb6520aca62588e9b3f101 (debian 12.15)
postgres,CVE-2025-7458,libsqlite3-0,3.40.1-2+deb12u2,,affected,CRITICAL,sha256:2b73847d07d6cb7da2ace20426de036fa0278feca0bb6520aca62588e9b3f101 (debian 12.15)
postgres,CVE-2026-11822,libsqlite3-0,3.40.1-2+deb12u2,,fix_deferred,HIGH,sha256:2b73847d07d6cb7da2ace20426de036fa0278feca0bb6520aca62588e9b3f101 (debian 12.15)
postgres,CVE-2026-11824,libsqlite3-0,3.40.1-2+deb12u2,,fix_deferred,HIGH,sha256:2b73847d07d6cb7da2ace20426de036fa0278feca0bb6520aca62588e9b3f101 (debian 12.15)
postgres,CVE-2026-84782,libssl3,3.0.20-1~deb12u2,,affected,HIGH,sha256:2b73847d07d6cb7da2ace20426de036fa0278feca0bb6520aca62588e9b3f101 (debian 12.15)
postgres,CVE-2026-16742,libsystemd0,252.39-1~deb12u2,,fix_deferred,HIGH,sha256:2b73847d07d6cb7da2ace20426de036fa0278feca0bb6520aca62588e9b3f101 (debian 12.15)
postgres,CVE-2025-69720,libtinfo6,6.4-4,,affected,HIGH,sha256:2b73847d07d6cb7da2ace20426de036fa0278feca0bb6520aca62588e9b3f101 (debian 12.15)
postgres,CVE-2026-16742,libudev1,252.39-1~deb12u2,,fix_deferred,HIGH,sha256:2b73847d07d6cb7da2ace20426de036fa0278feca0bb6520aca62588e9b3f101 (debian 12.15)
postgres,CVE-2026-53613,libuuid1,2.38.1-5+deb12u3,,affected,HIGH,sha256:2b73847d07d6cb7da2ace20426de036fa0278feca0bb6520aca62588e9b3f101 (debian 12.15)
postgres,CVE-2026-76642,libuuid1,2.38.1-5+deb12u3,,affected,HIGH,sha256:2b73847d07d6cb7da2ace20426de036fa0278feca0bb6520aca62588e9b3f101 (debian 12.15)
postgres,CVE-2026-78408,libuuid1,2.38.1-5+deb12u3,,affected,HIGH,sha256:2b73847d07d6cb7da2ace20426de036fa0278feca0bb6520aca62588e9b3f101 (debian 12.15)
postgres,CVE-2026-78409,libuuid1,2.38.1-5+deb12u3,,affected,HIGH,sha256:2b73847d07d6cb7da2ace20426de036fa0278feca0bb6520aca62588e9b3f101 (debian 12.15)
postgres,CVE-2026-78410,libuuid1,2.38.1-5+deb12u3,,affected,HIGH,sha256:2b73847d07d6cb7da2ace20426de036fa0278feca0bb6520aca62588e9b3f101 (debian 12.15)
postgres,CVE-2026-6653,libxml2,2.9.14+dfsg-1.3~deb12u6,,fix_deferred,CRITICAL,sha256:2b73847d07d6cb7da2ace20426de036fa0278feca0bb6520aca62588e9b3f101 (debian 12.15)
postgres,CVE-2026-74860,libxml2,2.9.14+dfsg-1.3~deb12u6,,fix_deferred,HIGH,sha256:2b73847d07d6cb7da2ace20426de036fa0278feca0bb6520aca62588e9b3f101 (debian 12.15)
postgres,CVE-2026-86138,libxml2,2.9.14+dfsg-1.3~deb12u6,,fix_deferred,HIGH,sha256:2b73847d07d6cb7da2ace20426de036fa0278feca0bb6520aca62588e9b3f101 (debian 12.15)
postgres,CVE-2026-86140,libxml2,2.9.14+dfsg-1.3~deb12u6,,fix_deferred,HIGH,sha256:2b73847d07d6cb7da2ace20426de036fa0278feca0bb6520aca62588e9b3f101 (debian 12.15)
postgres,CVE-2026-86142,libxml2,2.9.14+dfsg-1.3~deb12u6,,fix_deferred,HIGH,sha256:2b73847d07d6cb7da2ace20426de036fa0278feca0bb6520aca62588e9b3f101 (debian 12.15)
postgres,CVE-2026-86143,libxml2,2.9.14+dfsg-1.3~deb12u6,,fix_deferred,HIGH,sha256:2b73847d07d6cb7da2ace20426de036fa0278feca0bb6520aca62588e9b3f101 (debian 12.15)
postgres,CVE-2026-86144,libxml2,2.9.14+dfsg-1.3~deb12u6,,fix_deferred,HIGH,sha256:2b73847d07d6cb7da2ace20426de036fa0278feca0bb6520aca62588e9b3f101 (debian 12.15)
postgres,CVE-2026-53613,mount,2.38.1-5+deb12u3,,affected,HIGH,sha256:2b73847d07d6cb7da2ace20426de036fa0278feca0bb6520aca62588e9b3f101 (debian 12.15)
postgres,CVE-2026-76642,mount,2.38.1-5+deb12u3,,affected,HIGH,sha256:2b73847d07d6cb7da2ace20426de036fa0278feca0bb6520aca62588e9b3f101 (debian 12.15)
postgres,CVE-2026-78408,mount,2.38.1-5+deb12u3,,affected,HIGH,sha256:2b73847d07d6cb7da2ace20426de036fa0278feca0bb6520aca62588e9b3f101 (debian 12.15)
postgres,CVE-2026-78409,mount,2.38.1-5+deb12u3,,affected,HIGH,sha256:2b73847d07d6cb7da2ace20426de036fa0278feca0bb6520aca62588e9b3f101 (debian 12.15)
postgres,CVE-2026-78410,mount,2.38.1-5+deb12u3,,affected,HIGH,sha256:2b73847d07d6cb7da2ace20426de036fa0278feca0bb6520aca62588e9b3f101 (debian 12.15)
postgres,CVE-2025-69720,ncurses-base,6.4-4,,affected,HIGH,sha256:2b73847d07d6cb7da2ace20426de036fa0278feca0bb6520aca62588e9b3f101 (debian 12.15)
postgres,CVE-2025-69720,ncurses-bin,6.4-4,,affected,HIGH,sha256:2b73847d07d6cb7da2ace20426de036fa0278feca0bb6520aca62588e9b3f101 (debian 12.15)
postgres,CVE-2026-84782,openssl,3.0.20-1~deb12u2,,affected,HIGH,sha256:2b73847d07d6cb7da2ace20426de036fa0278feca0bb6520aca62588e9b3f101 (debian 12.15)
postgres,CVE-2026-9538,perl,5.36.0-7+deb12u4,,fix_deferred,HIGH,sha256:2b73847d07d6cb7da2ace20426de036fa0278feca0bb6520aca62588e9b3f101 (debian 12.15)
postgres,CVE-2026-9538,perl-base,5.36.0-7+deb12u4,,fix_deferred,HIGH,sha256:2b73847d07d6cb7da2ace20426de036fa0278feca0bb6520aca62588e9b3f101 (debian 12.15)
postgres,CVE-2026-9538,perl-modules-5.36,5.36.0-7+deb12u4,,fix_deferred,HIGH,sha256:2b73847d07d6cb7da2ace20426de036fa0278feca0bb6520aca62588e9b3f101 (debian 12.15)
postgres,CVE-2026-53613,util-linux,2.38.1-5+deb12u3,,affected,HIGH,sha256:2b73847d07d6cb7da2ace20426de036fa0278feca0bb6520aca62588e9b3f101 (debian 12.15)
postgres,CVE-2026-76642,util-linux,2.38.1-5+deb12u3,,affected,HIGH,sha256:2b73847d07d6cb7da2ace20426de036fa0278feca0bb6520aca62588e9b3f101 (debian 12.15)
postgres,CVE-2026-78408,util-linux,2.38.1-5+deb12u3,,affected,HIGH,sha256:2b73847d07d6cb7da2ace20426de036fa0278feca0bb6520aca62588e9b3f101 (debian 12.15)
postgres,CVE-2026-78409,util-linux,2.38.1-5+deb12u3,,affected,HIGH,sha256:2b73847d07d6cb7da2ace20426de036fa0278feca0bb6520aca62588e9b3f101 (debian 12.15)
postgres,CVE-2026-78410,util-linux,2.38.1-5+deb12u3,,affected,HIGH,sha256:2b73847d07d6cb7da2ace20426de036fa0278feca0bb6520aca62588e9b3f101 (debian 12.15)
postgres,CVE-2026-53613,util-linux-extra,2.38.1-5+deb12u3,,affected,HIGH,sha256:2b73847d07d6cb7da2ace20426de036fa0278feca0bb6520aca62588e9b3f101 (debian 12.15)
postgres,CVE-2026-76642,util-linux-extra,2.38.1-5+deb12u3,,affected,HIGH,sha256:2b73847d07d6cb7da2ace20426de036fa0278feca0bb6520aca62588e9b3f101 (debian 12.15)
postgres,CVE-2026-78408,util-linux-extra,2.38.1-5+deb12u3,,affected,HIGH,sha256:2b73847d07d6cb7da2ace20426de036fa0278feca0bb6520aca62588e9b3f101 (debian 12.15)
postgres,CVE-2026-78409,util-linux-extra,2.38.1-5+deb12u3,,affected,HIGH,sha256:2b73847d07d6cb7da2ace20426de036fa0278feca0bb6520aca62588e9b3f101 (debian 12.15)
postgres,CVE-2026-78410,util-linux-extra,2.38.1-5+deb12u3,,affected,HIGH,sha256:2b73847d07d6cb7da2ace20426de036fa0278feca0bb6520aca62588e9b3f101 (debian 12.15)
postgres,CVE-2023-45853,zlib1g,1:1.2.13.dfsg-1,,will_not_fix,CRITICAL,sha256:2b73847d07d6cb7da2ace20426de036fa0278feca0bb6520aca62588e9b3f101 (debian 12.15)
